"Date","Price","Open","High","Low","Vol.","Change %"
"05/03/2023","224.00","225.80","228.40","224.00","741.25K","-0.71%"
"05/02/2023","225.60","224.00","226.00","223.60","380.15K","0.27%"
"04/28/2023","225.00","219.00","225.00","219.00","691.14K","2.74%"
"04/27/2023","219.00","220.00","220.60","219.00","135.44K","-0.09%"
"04/26/2023","219.20","221.00","221.00","217.00","446.86K","-0.36%"
"04/25/2023","220.00","221.00","221.20","218.00","243.76K","-0.45%"
"04/24/2023","221.00","219.40","221.00","217.20","622.27K","1.75%"
"04/20/2023","217.20","219.60","219.60","216.80","303.16K","-1.18%"
"04/19/2023","219.80","217.00","219.80","216.20","294.63K","1.29%"
"04/18/2023","217.00","220.00","220.00","215.20","319.73K","-1.18%"
"04/17/2023","219.60","215.00","219.60","214.80","494.92K","2.33%"
"04/14/2023","214.60","213.20","216.00","212.80","483.84K","0.85%"
"04/13/2023","212.80","213.00","215.00","212.00","1.15M","0.28%"
"04/12/2023","212.20","216.00","217.00","212.20","784.04K","-1.85%"
"04/11/2023","216.20","223.00","223.00","215.20","1.18M","-3.05%"
"04/05/2023","223.00","226.00","227.00","223.00","247.65K","-1.33%"
"04/04/2023","226.00","227.00","229.00","225.00","578.83K","0.00%"
"04/03/2023","226.00","224.60","226.00","220.20","230.39K","0.89%"
"03/31/2023","224.00","223.40","225.00","222.20","518.64K","0.00%"
"03/30/2023","224.00","219.20","224.00","218.60","386.44K","2.28%"
"03/29/2023","219.00","224.20","224.20","218.60","1.10M","-2.06%"
"03/28/2023","223.60","227.00","227.00","222.60","372.93K","-1.06%"
"03/27/2023","226.00","225.20","227.00","222.60","122.01K","0.36%"
"03/24/2023","225.20","223.20","226.60","223.00","528.46K","0.99%"
"03/23/2023","223.00","226.80","227.00","223.00","750.79K","-1.76%"
"03/22/2023","227.00","225.00","229.00","225.00","725.31K","1.16%"
"03/21/2023","224.40","222.20","224.80","222.20","320.96K","1.08%"
"03/20/2023","222.00","223.00","226.00","221.00","1.29M","-0.45%"
"03/17/2023","223.00","219.00","224.00","218.60","1.28M","3.72%"
"03/16/2023","215.00","223.80","225.00","212.00","1.07M","-4.02%"
"03/15/2023","224.00","220.00","226.80","220.00","384.92K","2.28%"
"03/14/2023","219.00","227.00","227.00","219.00","579.49K","-3.61%"
"03/13/2023","227.20","226.20","228.00","226.00","366.93K","0.44%"
"03/10/2023","226.20","230.00","231.00","226.20","325.46K","-1.65%"
"03/09/2023","230.00","232.00","234.80","229.40","264.60K","0.00%"
"03/08/2023","230.00","232.00","232.20","229.40","552.86K","-0.95%"
"03/07/2023","232.20","232.00","235.00","232.00","400.86K","0.09%"
"03/06/2023","232.00","234.00","237.00","232.00","307.76K","-0.85%"
"03/03/2023","234.00","231.40","236.40","231.40","473.50K","1.30%"
"03/02/2023","231.00","238.00","241.20","231.00","616.59K","-2.94%"
"03/01/2023","238.00","239.00","239.00","236.00","367.53K","-0.83%"
"02/28/2023","240.00","235.40","240.00","235.20","1.01M","2.04%"
"02/27/2023","235.20","237.00","238.00","234.20","715.53K","-1.18%"
"02/24/2023","238.00","240.00","240.00","237.20","420.40K","0.00%"
"02/23/2023","238.00","240.00","240.00","237.20","420.40K","-0.83%"
"02/22/2023","240.00","241.80","241.80","237.40","295.66K","-0.83%"
"02/21/2023","242.00","237.20","242.00","235.60","178.93K","2.11%"
"02/20/2023","237.00","240.00","240.00","237.00","235.26K","-1.33%"
"02/17/2023","240.20","236.40","240.20","235.60","323.19K","0.67%"
"02/16/2023","238.60","239.00","242.40","236.00","223.61K","0.08%"
"02/15/2023","238.40","240.60","240.80","235.60","401.45K","-1.08%"
"02/14/2023","241.00","240.20","244.40","240.00","595.47K","0.50%"
"02/13/2023","239.80","238.80","241.60","238.20","515.35K","0.42%"
"02/10/2023","238.80","240.80","241.00","238.00","505.68K","-0.83%"
"02/09/2023","240.80","241.00","241.20","239.00","207.97K","-0.50%"
"02/08/2023","242.00","239.00","243.00","238.20","214.07K","1.68%"
"02/07/2023","238.00","241.60","242.80","238.00","629.97K","-2.86%"
"02/06/2023","245.00","245.40","245.60","240.40","440.64K","0.00%"
"02/03/2023","245.00","241.60","245.00","241.00","1.52M","1.24%"
"02/02/2023","242.00","244.00","244.00","241.00","711.08K","-1.22%"
"02/01/2023","245.00","238.00","245.00","237.20","848.77K","2.94%"
"01/31/2023","238.00","240.00","241.00","235.00","2.22M","-0.83%"
"01/30/2023","240.00","242.00","244.40","240.00","598.60K","-0.58%"
"01/27/2023","241.40","241.40","245.00","240.40","769.23K","0.00%"
"01/26/2023","241.40","244.00","244.40","241.40","217.30K","-1.07%"
"01/25/2023","244.00","245.60","247.00","243.00","1.34M","-0.81%"
"01/24/2023","246.00","242.80","247.60","242.80","507.69K","1.40%"
"01/23/2023","242.60","245.00","246.00","241.20","684.26K","-0.98%"
"01/20/2023","245.00","248.00","248.00","244.40","1.03M","-1.21%"
"01/19/2023","248.00","249.80","250.00","247.00","1.34M","-0.80%"
"01/18/2023","250.00","250.00","252.00","248.20","868.66K","-0.79%"
"01/17/2023","252.00","249.80","252.00","246.00","1.19M","1.61%"
"01/16/2023","248.00","245.20","252.00","245.20","1.31M","1.22%"
"01/13/2023","245.00","243.20","246.80","242.40","1.75M","1.24%"
"01/12/2023","242.00","240.20","243.00","239.60","1.39M","0.17%"
"01/11/2023","241.60","241.00","242.00","235.00","1.15M","0.25%"
"01/10/2023","241.00","246.00","246.00","241.00","772.81K","-0.41%"
"01/09/2023","242.00","247.00","247.00","240.20","661.60K","0.00%"
"01/06/2023","242.00","240.60","244.60","240.40","984.23K","-2.42%"
"01/05/2023","248.00","244.00","248.00","238.00","567.12K","2.14%"
"01/04/2023","242.80","237.20","244.00","237.20","686.46K","2.88%"
"01/03/2023","236.00","230.00","237.00","230.00","213.72K","2.61%"
"12/29/2022","230.00","232.00","232.00","229.40","500.21K","0.00%"
"12/28/2022","230.00","229.00","232.60","229.00","659.04K","0.44%"
"12/27/2022","229.00","231.00","233.00","227.00","792.85K","-0.43%"
"12/23/2022","230.00","230.60","235.00","230.00","618.82K","-0.09%"
"12/22/2022","230.20","234.00","239.40","230.20","557.63K","0.09%"
"12/21/2022","230.00","230.80","235.00","230.00","601.43K","-0.35%"
"12/20/2022","230.80","235.00","235.00","229.60","686.65K","-1.79%"
"12/19/2022","235.00","230.00","237.80","229.00","849.11K","1.73%"
"12/16/2022","231.00","233.00","235.00","230.20","1.18M","-0.86%"
"12/15/2022","233.00","233.80","238.00","231.80","689.56K","-0.34%"
"12/14/2022","233.80","236.00","240.60","233.40","1.18M","-0.51%"
"12/13/2022","235.00","244.00","246.00","234.00","1.77M","-2.89%"
"12/12/2022","242.00","237.00","245.80","237.00","696.67K","2.20%"
"12/09/2022","236.80","237.60","239.80","232.00","1.10M","-0.08%"
"12/07/2022","237.00","246.40","246.40","236.60","860.66K","-3.89%"
"12/06/2022","246.60","239.80","246.80","236.40","1.21M","4.31%"
"12/05/2022","236.40","237.00","243.80","236.40","858.88K","-0.25%"
"12/02/2022","237.00","242.00","246.60","237.00","797.74K","-1.50%"
"12/01/2022","240.60","248.40","252.40","239.80","2.42M","-1.80%"
"11/29/2022","245.00","249.00","249.00","241.60","4.93M","-1.61%"
"11/28/2022","249.00","252.00","255.20","248.80","974.87K","-1.19%"
"11/25/2022","252.00","253.60","255.60","250.40","862.06K","-0.79%"
"11/24/2022","254.00","256.00","259.00","253.60","859.18K","-0.78%"
"11/23/2022","256.00","257.00","259.60","252.40","1.10M","0.00%"
"11/22/2022","256.00","251.80","259.00","250.20","1.88M","1.59%"
"11/21/2022","252.00","244.00","252.00","244.00","2.29M","3.28%"
"11/18/2022","244.00","243.00","247.00","241.60","1.00M","0.83%"
"11/17/2022","242.00","243.00","243.00","239.80","670.31K","-0.41%"
"11/16/2022","243.00","248.00","248.00","238.00","1.31M","-2.02%"
"11/15/2022","248.00","243.20","248.00","242.40","907.24K","0.08%"
"11/14/2022","247.80","239.60","247.80","238.60","1.16M","3.94%"
"11/11/2022","238.40","236.00","241.40","233.60","923.63K","2.32%"
"11/10/2022","233.00","235.40","235.60","230.60","676.11K","0.00%"
"11/09/2022","233.00","229.80","235.60","229.20","390.42K","1.92%"
"11/08/2022","228.60","230.00","236.00","226.00","725.61K","-0.17%"
"11/07/2022","229.00","228.00","230.60","224.20","732.88K","0.35%"
"11/04/2022","228.20","228.40","230.00","225.00","361.28K","0.09%"
"11/03/2022","228.00","227.00","231.00","227.00","365.09K","0.53%"
"11/02/2022","226.80","233.60","233.80","225.60","619.72K","-2.24%"
"10/28/2022","232.00","232.00","232.40","230.60","355.44K","0.00%"
"10/27/2022","232.00","229.00","233.40","227.20","386.33K","1.31%"
"10/26/2022","229.00","225.40","230.00","224.80","249.99K","1.69%"
"10/25/2022","225.20","224.60","227.00","224.20","438.15K","0.18%"
"10/24/2022","224.80","229.00","230.60","224.80","653.56K","-0.27%"
"10/21/2022","225.40","230.40","232.20","225.00","511.65K","-2.17%"
"10/20/2022","230.40","234.60","237.00","228.00","650.36K","-1.96%"
"10/19/2022","235.00","232.40","239.00","231.00","570.59K","1.03%"
"10/18/2022","232.60","234.00","235.00","232.00","429.84K","0.26%"
"10/17/2022","232.00","230.00","235.00","230.00","469.00K","0.43%"
"10/14/2022","231.00","232.00","233.00","230.40","317.67K","-0.26%"
"10/13/2022","231.60","233.00","233.00","230.00","574.65K","-0.60%"
"10/12/2022","233.00","233.00","233.00","230.40","1.12M","0.00%"
"10/11/2022","233.00","227.00","236.00","227.00","610.07K","2.19%"
"10/10/2022","228.00","231.00","234.40","228.00","248.74K","-1.30%"
"10/07/2022","231.00","235.00","238.00","231.00","791.05K","-1.62%"
"10/06/2022","234.80","236.60","240.00","232.20","497.42K","-1.34%"
"10/05/2022","238.00","240.60","242.00","236.40","1.10M","-0.83%"
"10/04/2022","240.00","236.00","241.00","236.00","698.15K","2.48%"
"10/03/2022","234.20","233.20","234.60","230.40","619.30K","2.27%"
"09/30/2022","229.00","233.00","233.00","228.00","593.84K","-2.14%"
"09/29/2022","234.00","229.00","235.00","229.00","898.83K","2.45%"
"09/28/2022","228.40","229.00","229.00","224.00","651.35K","-0.26%"
"09/27/2022","229.00","235.00","235.00","228.00","801.24K","-2.97%"
"09/23/2022","236.00","237.00","237.00","235.00","551.59K","-0.42%"
"09/22/2022","237.00","237.00","237.00","234.60","788.57K","-0.42%"
"09/21/2022","238.00","244.00","244.00","237.20","1.07M","-2.46%"
"09/20/2022","244.00","246.00","246.00","243.00","567.38K","0.83%"
"09/19/2022","242.00","250.00","250.00","242.00","470.65K","-3.20%"
"09/16/2022","250.00","246.80","250.00","243.00","920.20K","1.05%"
"09/15/2022","247.40","242.60","247.40","242.00","1.06M","1.06%"
"09/14/2022","244.80","243.20","244.80","241.20","264.57K","-0.89%"
"09/13/2022","247.00","245.20","247.00","241.00","189.92K","0.24%"
"09/12/2022","246.40","246.00","246.80","245.20","329.58K","0.16%"
"09/09/2022","246.00","247.80","247.80","245.20","134.10K","-0.73%"
"09/08/2022","247.80","244.00","249.20","243.60","697.07K","1.39%"
"09/07/2022","244.40","247.60","247.60","244.00","1.00M","-1.29%"
"09/06/2022","247.60","248.80","248.80","246.00","464.32K","-0.48%"
"09/05/2022","248.80","247.00","249.40","247.00","993.36K","1.22%"
"09/02/2022","245.80","240.00","246.00","240.00","1.28M","2.50%"
"09/01/2022","239.80","239.60","239.80","236.40","270.89K","0.08%"
"08/31/2022","239.60","240.00","240.00","237.80","412.67K","-0.17%"
"08/30/2022","240.00","233.00","240.00","233.00","684.81K","1.27%"
"08/26/2022","237.00","234.00","237.00","229.20","638.47K","1.28%"
"08/25/2022","234.00","233.80","237.80","232.40","486.53K","1.30%"
"08/24/2022","231.00","231.00","234.80","229.00","473.88K","0.00%"
"08/23/2022","231.00","233.00","233.40","225.40","468.03K","-0.86%"
"08/22/2022","233.00","230.00","236.80","230.00","466.88K","2.19%"
"08/19/2022","228.00","233.60","234.80","228.00","371.68K","-2.40%"
"08/18/2022","233.60","227.00","233.60","227.00","440.88K","2.91%"
"08/17/2022","227.00","235.00","235.00","227.00","709.30K","-4.38%"
"08/16/2022","237.40","233.00","237.40","231.40","673.47K","1.80%"
"08/15/2022","233.20","231.20","233.60","230.00","729.12K","0.52%"
"08/12/2022","232.00","231.20","235.00","227.00","562.25K","-0.43%"
"08/11/2022","233.00","216.80","233.00","216.80","1.61M","6.88%"
"08/10/2022","218.00","218.80","218.80","216.40","212.72K","-0.46%"
"08/09/2022","219.00","215.00","219.00","214.80","449.31K","1.96%"
"08/08/2022","214.80","215.00","216.00","212.80","448.75K","0.00%"
"08/05/2022","214.80","212.00","216.40","212.00","963.46K","1.13%"
"08/04/2022","212.40","210.00","212.80","207.80","290.99K","0.66%"
"08/03/2022","211.00","205.80","211.00","205.80","381.51K","2.93%"
"08/02/2022","205.00","205.40","207.40","204.80","322.11K","-0.19%"
"08/01/2022","205.40","202.00","208.40","202.00","488.74K","2.09%"
"07/29/2022","201.20","207.00","207.00","199.30","593.94K","-2.80%"
"07/28/2022","207.00","205.80","208.40","205.40","339.07K","1.57%"
"07/27/2022","203.80","205.40","206.00","201.20","363.49K","-1.16%"
"07/26/2022","206.20","207.20","207.20","205.60","345.02K","-0.48%"
"07/25/2022","207.20","210.60","210.60","206.60","155.21K","-1.61%"
"07/22/2022","210.60","214.00","214.00","210.00","134.00K","-1.59%"
"07/21/2022","214.00","213.00","215.80","210.00","299.68K","0.56%"
"07/20/2022","212.80","210.40","214.00","210.40","348.27K","1.24%"
"07/19/2022","210.20","212.40","212.40","209.60","254.01K","-1.04%"
"07/18/2022","212.40","213.80","213.80","211.00","178.52K","-1.67%"
"07/15/2022","216.00","212.00","216.00","209.00","282.76K","1.50%"
"07/14/2022","212.80","212.00","212.80","210.40","298.74K","0.09%"
"07/13/2022","212.60","213.00","214.60","207.00","390.49K","0.09%"
"07/12/2022","212.40","214.00","214.00","211.80","172.23K","-0.75%"
"07/11/2022","214.00","216.80","216.80","210.80","248.71K","-1.38%"
"07/08/2022","217.00","205.20","217.00","205.00","646.24K","5.85%"
"07/07/2022","205.00","208.00","210.60","202.20","428.74K","-0.97%"
"07/06/2022","207.00","201.20","207.80","201.20","416.66K","3.09%"
"07/05/2022","200.80","203.00","203.00","200.20","184.47K","-1.18%"
"07/04/2022","203.20","205.00","205.00","201.00","551.77K","-0.88%"
"07/01/2022","205.00","203.60","205.00","200.00","696.04K","0.69%"
"06/30/2022","203.60","202.40","204.00","199.00","506.63K","0.79%"
"06/29/2022","202.00","200.80","203.00","200.80","631.01K","1.00%"
"06/28/2022","200.00","200.80","201.00","198.50","621.47K","0.00%"
"06/27/2022","200.00","200.00","202.00","200.00","385.98K","0.00%"
"06/24/2022","200.00","193.00","200.00","192.90","521.90K","3.63%"
"06/23/2022","193.00","195.00","195.60","192.60","368.49K","-1.03%"
"06/22/2022","195.00","196.90","197.90","195.00","467.36K","-0.91%"
"06/21/2022","196.80","197.00","198.80","194.50","487.41K","0.41%"
"06/20/2022","196.00","195.00","196.00","192.00","409.95K","2.08%"
"06/17/2022","192.00","198.20","198.20","192.00","852.32K","-4.10%"
"06/16/2022","200.20","199.00","202.60","197.00","325.76K","0.60%"
"06/15/2022","199.00","199.50","203.60","199.00","540.08K","-0.25%"
"06/14/2022","199.50","199.80","200.00","196.80","372.01K","-0.55%"
"06/13/2022","200.60","202.00","203.20","197.40","696.69K","-0.20%"
"06/10/2022","201.00","208.60","208.60","201.00","597.54K","-3.83%"
"06/09/2022","209.00","209.60","209.60","206.00","313.03K","-0.57%"
"06/08/2022","210.20","204.00","210.20","202.60","575.81K","3.55%"
"06/07/2022","203.00","201.20","205.80","201.20","450.56K","0.89%"
"06/06/2022","201.20","206.40","207.60","200.40","1.12M","-2.52%"
"06/03/2022","206.40","208.00","208.00","205.80","610.49K","-0.77%"
"06/02/2022","208.00","208.60","210.60","207.40","369.03K","-0.29%"
"06/01/2022","208.60","209.60","210.00","208.40","564.92K","-0.38%"
"05/31/2022","209.40","210.60","210.60","208.60","2.61M","-0.57%"
"05/30/2022","210.60","213.00","213.00","209.60","916.63K","-1.13%"
"05/27/2022","213.00","214.00","216.00","212.00","798.06K","0.00%"
"05/26/2022","213.00","210.40","213.00","210.00","1.20M","1.24%"
"05/25/2022","210.40","208.00","211.40","207.60","300.51K","1.15%"
"05/24/2022","208.00","210.00","210.00","207.40","249.87K","-0.95%"
"05/23/2022","210.00","212.40","214.60","210.00","409.30K","-1.13%"
"05/20/2022","212.40","210.00","214.00","210.00","510.50K","1.14%"
"05/19/2022","210.00","213.40","213.40","208.00","649.61K","-1.04%"
"05/18/2022","212.20","207.20","213.20","207.00","1.00M","2.51%"
"05/17/2022","207.00","210.00","210.60","203.20","895.61K","-1.43%"
"05/16/2022","210.00","210.20","215.00","210.00","336.68K","0.00%"
"05/13/2022","210.00","211.20","217.00","210.00","754.37K","-0.10%"
"05/12/2022","210.20","219.20","220.00","210.00","726.51K","-3.22%"
"05/11/2022","217.20","215.20","224.00","212.40","522.76K","0.93%"
"05/10/2022","215.20","214.80","217.00","203.00","949.08K","-1.01%"
"05/06/2022","217.40","222.80","222.80","217.00","343.67K","-2.95%"
"05/05/2022","224.00","221.80","226.00","220.00","400.33K","0.90%"
"05/04/2022","222.00","220.00","222.00","216.00","269.29K","0.91%"
"05/02/2022","220.00","215.00","222.60","214.20","468.06K","2.33%"
"04/29/2022","215.00","220.80","222.00","215.00","504.06K","-2.63%"
"04/28/2022","220.80","218.00","221.80","216.60","355.20K","0.91%"
"04/27/2022","218.80","219.00","220.00","215.80","401.65K","-0.64%"
"04/26/2022","220.20","217.60","222.00","217.00","498.54K","1.19%"
"04/25/2022","217.60","219.80","219.80","216.00","559.40K","-1.00%"
"04/22/2022","219.80","224.00","224.00","218.60","825.92K","-1.87%"
"04/21/2022","224.00","230.00","230.00","223.40","349.10K","-2.44%"
"04/20/2022","229.60","229.00","230.00","227.80","302.04K","0.70%"
"04/19/2022","228.00","220.40","228.00","220.00","286.35K","3.45%"
"04/18/2022","220.40","220.00","221.00","219.00","176.24K","0.64%"
"04/13/2022","219.00","216.40","221.40","216.40","190.61K","1.20%"
"04/12/2022","216.40","219.00","223.00","215.40","647.97K","-1.19%"
"04/11/2022","219.00","219.80","221.60","219.00","331.88K","-0.18%"
"04/08/2022","219.40","220.60","224.60","219.40","349.22K","-0.27%"
"04/07/2022","220.00","231.40","231.40","220.00","496.56K","-5.01%"
"04/06/2022","231.60","229.80","231.60","225.00","565.42K","0.78%"
"04/05/2022","229.80","228.00","229.80","225.00","437.81K","0.79%"
"04/04/2022","228.00","222.00","228.60","222.00","385.32K","2.70%"
"04/01/2022","222.00","225.00","225.00","221.00","465.95K","-1.33%"
"03/31/2022","225.00","224.00","227.80","223.00","849.09K","0.45%"
"03/30/2022","224.00","221.00","224.00","220.40","363.72K","1.54%"
"03/29/2022","220.60","219.80","220.60","214.00","425.05K","0.36%"
"03/28/2022","219.80","214.20","220.00","214.20","354.14K","2.71%"
"03/25/2022","214.00","214.00","216.00","212.20","333.26K","0.47%"
"03/24/2022","213.00","211.00","213.60","210.40","1.05M","1.24%"
"03/23/2022","210.40","205.60","212.20","205.60","824.15K","2.63%"
"03/22/2022","205.00","213.00","214.20","202.20","1.94M","-3.30%"
"03/21/2022","212.00","218.20","219.20","212.00","822.95K","-1.85%"
"03/18/2022","216.00","225.00","225.60","216.00","1.67M","-4.00%"
"03/17/2022","225.00","228.20","229.40","224.80","643.91K","-0.88%"
"03/16/2022","227.00","228.00","228.20","223.60","992.64K","-0.44%"
"03/15/2022","228.00","218.40","229.40","211.00","1.25M","4.40%"
"03/14/2022","218.40","230.00","231.80","216.80","1.14M","-5.04%"
"03/11/2022","230.00","239.80","239.80","230.00","791.65K","-4.09%"
"03/10/2022","239.80","236.00","240.00","233.00","719.25K","3.90%"
"03/09/2022","230.80","222.60","234.80","222.40","766.89K","3.68%"
"03/08/2022","222.60","237.00","237.60","222.60","1.09M","-6.47%"
"03/07/2022","238.00","241.00","241.00","231.20","514.95K","-1.24%"
"03/04/2022","241.00","243.00","243.60","239.20","602.07K","-0.74%"
"03/03/2022","242.80","238.80","243.40","238.60","274.55K","1.68%"
"03/02/2022","238.80","240.00","242.00","238.60","321.78K","-0.50%"
"03/01/2022","240.00","241.40","245.00","240.00","331.97K","-0.41%"
"02/28/2022","241.00","236.00","245.00","236.00","1.15M","2.12%"
"02/24/2022","236.00","246.20","246.80","234.00","989.69K","-4.14%"
"02/23/2022","246.20","247.00","249.00","244.20","482.73K","-1.44%"
"02/22/2022","249.80","244.40","250.00","243.80","445.53K","0.73%"
"02/21/2022","248.00","247.20","248.00","241.20","404.20K","0.40%"
"02/18/2022","247.00","251.00","251.40","245.40","530.29K","-1.98%"
"02/17/2022","252.00","250.00","252.00","249.40","466.56K","0.40%"
"02/16/2022","251.00","249.00","251.00","247.20","828.45K","0.88%"
"02/15/2022","248.80","247.20","249.00","246.00","483.04K","-0.08%"
"02/14/2022","249.00","240.00","249.00","240.00","1.39M","3.75%"
"02/11/2022","240.00","244.60","245.00","238.00","1.22M","-1.64%"
"02/10/2022","244.00","242.80","244.00","239.20","959.82K","0.99%"
"02/09/2022","241.60","241.00","241.60","239.00","569.57K","0.67%"
"02/08/2022","240.00","236.00","240.80","235.20","363.96K","1.69%"
"02/07/2022","236.00","237.60","237.60","234.00","212.55K","-0.67%"
"02/04/2022","237.60","235.40","237.60","230.60","421.83K","1.11%"
"02/03/2022","235.00","244.40","244.40","235.00","299.26K","-3.85%"
"02/02/2022","244.40","239.80","245.00","239.40","691.72K","1.83%"
"01/31/2022","240.00","236.60","240.00","236.00","545.40K","1.44%"
"01/28/2022","236.60","231.00","236.60","230.20","693.64K","1.98%"
"01/27/2022","232.00","231.60","232.00","228.20","169.43K","0.00%"
"01/26/2022","232.00","232.00","232.20","227.00","564.05K","-0.34%"
"01/25/2022","232.80","229.00","233.00","228.20","554.18K","1.66%"
"01/24/2022","229.00","228.00","229.00","226.20","273.91K","-0.61%"
"01/21/2022","230.40","227.00","231.60","223.20","516.52K","0.61%"
"01/20/2022","229.00","230.00","230.00","228.00","205.18K","-0.61%"
"01/19/2022","230.40","228.80","230.40","225.40","465.29K","0.17%"
"01/18/2022","230.00","225.00","231.00","225.00","434.71K","2.22%"
"01/17/2022","225.00","229.00","229.00","225.00","221.50K","-1.75%"
"01/14/2022","229.00","229.00","231.00","226.00","378.25K","-0.69%"
"01/13/2022","230.60","222.00","230.80","221.80","1.10M","3.32%"
"01/12/2022","223.20","221.00","224.40","220.00","493.28K","1.27%"
"01/11/2022","220.40","222.00","222.80","216.00","692.03K","-1.08%"
"01/10/2022","222.80","214.00","222.80","214.00","849.06K","3.63%"
"01/07/2022","215.00","216.00","216.00","212.00","396.44K","-0.83%"
"01/06/2022","216.80","217.40","218.80","215.00","174.67K","-0.73%"
"01/05/2022","218.40","215.00","219.80","212.80","474.90K","1.58%"
"01/03/2022","215.00","216.00","221.60","213.40","398.63K","-0.65%"
"12/31/2021","216.40","222.60","222.80","216.40","621.95K","-2.96%"
"12/29/2021","223.00","218.00","223.80","217.00","372.40K","2.86%"
"12/28/2021","216.80","218.00","221.00","216.80","260.67K","-0.37%"
"12/27/2021","217.60","219.00","221.40","216.80","234.54K","-0.64%"
"12/24/2021","219.00","222.00","224.80","219.00","105.00K","-1.26%"
"12/23/2021","221.80","219.00","224.00","219.00","241.17K","1.28%"
"12/22/2021","219.00","209.20","219.00","209.20","903.83K","4.89%"
"12/21/2021","208.80","215.00","215.00","208.80","2.40M","-2.43%"
"12/20/2021","214.00","224.00","224.20","213.20","2.11M","-4.46%"
"12/17/2021","224.00","228.40","228.40","223.00","767.94K","0.45%"
"12/16/2021","223.00","223.60","228.00","222.80","1.42M","0.00%"
"12/15/2021","223.00","227.60","228.80","223.00","711.14K","-2.19%"
"12/14/2021","228.00","227.80","230.00","227.60","719.88K","0.09%"
"12/13/2021","227.80","233.00","234.80","226.00","593.52K","-2.32%"
"12/10/2021","233.20","238.80","238.80","232.60","428.28K","-2.59%"
"12/09/2021","239.40","232.00","239.40","229.00","532.78K","3.19%"
"12/07/2021","232.00","229.60","232.00","228.60","345.81K","2.20%"
"12/06/2021","227.00","223.20","231.80","223.20","803.35K","1.79%"
"12/03/2021","223.00","225.00","231.00","223.00","869.25K","-0.54%"
"12/02/2021","224.20","222.00","227.00","219.00","1.49M","1.36%"
"12/01/2021","221.20","236.00","238.00","218.80","2.33M","-5.87%"
"11/29/2021","235.00","233.00","240.00","225.00","1.63M","-3.61%"
"11/26/2021","243.80","244.60","244.80","241.40","357.87K","-0.65%"
"11/25/2021","245.40","246.00","246.60","244.00","505.87K","-1.05%"
"11/24/2021","248.00","244.60","251.00","243.20","615.08K","1.39%"
"11/23/2021","244.60","244.80","245.60","242.00","796.87K","-0.16%"
"11/22/2021","245.00","248.80","248.80","244.00","475.76K","-1.61%"
"11/19/2021","249.00","249.80","250.80","247.20","320.47K","-0.08%"
"11/18/2021","249.20","245.00","249.40","244.40","918.36K","1.38%"
"11/17/2021","245.80","245.20","246.40","243.20","649.96K","0.24%"
"11/16/2021","245.20","249.60","249.80","243.20","642.38K","-1.76%"
"11/15/2021","249.60","251.00","252.00","249.00","415.14K","-1.34%"
"11/12/2021","253.00","253.40","253.40","249.00","297.44K","-0.24%"
"11/11/2021","253.60","253.00","253.60","248.60","431.22K","-0.16%"
"11/10/2021","254.00","259.60","259.60","252.80","738.36K","-2.23%"
"11/09/2021","259.80","248.80","259.80","248.60","1.52M","4.51%"
"11/08/2021","248.60","244.00","248.80","243.80","701.86K","1.89%"
"11/05/2021","244.00","238.20","244.20","238.00","791.80K","2.52%"
"11/04/2021","238.00","232.60","238.60","231.20","436.00K","2.59%"
"11/03/2021","232.00","230.00","236.00","230.00","1.13M","1.31%"
"11/02/2021","229.00","240.40","241.20","229.00","2.08M","-2.64%"
"10/29/2021","235.20","240.40","241.20","234.00","759.74K","-2.49%"
"10/28/2021","241.20","244.20","244.60","240.00","642.37K","-1.23%"
"10/27/2021","244.20","236.20","244.20","236.20","1.38M","3.83%"
"10/26/2021","235.20","228.00","235.20","227.00","1.20M","3.61%"
"10/25/2021","227.00","225.40","229.00","225.20","467.90K","0.80%"
"10/22/2021","225.20","230.80","230.80","224.00","520.76K","-2.51%"
"10/21/2021","231.00","229.20","231.00","224.00","696.54K","1.05%"
"10/20/2021","228.60","228.00","230.00","227.00","532.41K","0.62%"
"10/19/2021","227.20","227.00","229.00","224.00","376.00K","-0.96%"
"10/18/2021","229.40","229.80","231.00","218.20","767.38K","-0.17%"
"10/15/2021","229.80","229.80","234.80","226.00","1.26M","0.00%"
"10/14/2021","229.80","219.00","229.80","219.00","2.67M","6.39%"
"10/13/2021","216.00","217.80","217.80","215.00","537.32K","-0.83%"
"10/12/2021","217.80","210.00","219.00","210.00","1.40M","4.51%"
"10/11/2021","208.40","206.00","212.40","205.40","381.41K","1.66%"
"10/08/2021","205.00","211.20","214.00","205.00","920.88K","-2.38%"
"10/07/2021","210.00","204.20","211.80","204.20","1.85M","3.35%"
"10/06/2021","203.20","203.00","206.80","200.40","730.66K","0.10%"
"10/05/2021","203.00","198.40","203.00","198.20","225.63K","2.32%"
"10/04/2021","198.40","202.00","202.00","198.40","300.62K","-1.78%"
"10/01/2021","202.00","204.80","204.80","201.20","495.52K","-1.46%"
"09/30/2021","205.00","197.00","205.00","196.20","427.19K","4.59%"
"09/29/2021","196.00","197.00","197.00","194.00","218.11K","-0.51%"
"09/28/2021","197.00","197.50","200.40","197.00","480.51K","-0.10%"
"09/27/2021","197.20","202.00","202.80","197.20","509.27K","-2.38%"
"09/24/2021","202.00","203.60","207.00","201.00","163.63K","-0.69%"
"09/23/2021","203.40","197.00","208.00","196.00","1.84M","3.83%"
"09/22/2021","195.90","192.50","197.00","192.50","302.58K","1.98%"
"09/21/2021","192.10","193.00","194.50","190.50","444.58K","-0.98%"
"09/20/2021","194.00","198.00","201.00","193.10","680.02K","-1.52%"
"09/17/2021","197.00","204.00","204.00","197.00","1.01M","-3.43%"
"09/16/2021","204.00","200.00","204.00","199.90","292.52K","2.26%"
"09/15/2021","199.50","204.20","204.20","199.40","533.76K","-2.30%"
"09/14/2021","204.20","204.80","206.00","203.20","534.50K","-0.29%"
"09/13/2021","204.80","204.00","204.80","202.40","146.44K","0.10%"
"09/10/2021","204.60","202.40","204.60","200.60","224.21K","1.39%"
"09/09/2021","201.80","200.60","202.00","200.20","141.36K","0.70%"
"09/08/2021","200.40","201.20","203.40","200.00","332.73K","0.20%"
"09/07/2021","200.00","206.00","206.00","200.00","409.26K","-2.91%"
"09/06/2021","206.00","200.80","208.00","200.60","727.15K","2.69%"
"09/03/2021","200.60","200.00","202.60","199.50","312.38K","0.20%"
"09/02/2021","200.20","195.00","201.80","195.00","419.35K","2.67%"
"09/01/2021","195.00","199.00","200.00","195.00","388.21K","-3.37%"
"08/31/2021","201.80","199.60","201.80","192.00","1.20M","1.10%"
"08/27/2021","199.60","200.00","200.00","197.80","271.81K","0.10%"
"08/26/2021","199.40","205.00","205.00","199.40","368.88K","-2.73%"
"08/25/2021","205.00","199.90","205.00","198.00","232.90K","2.55%"
"08/24/2021","199.90","196.50","199.90","196.50","320.12K","2.51%"
"08/23/2021","195.00","193.50","196.80","193.50","1.38M","0.78%"
"08/20/2021","193.50","198.40","199.90","193.50","243.33K","-2.27%"
"08/19/2021","198.00","195.00","198.00","195.00","343.16K","1.64%"
"08/18/2021","194.80","193.50","195.00","193.00","214.55K","0.93%"
"08/17/2021","193.00","188.00","194.40","187.50","553.94K","3.04%"
"08/16/2021","187.30","186.90","192.00","185.20","687.03K","2.91%"
"08/13/2021","182.00","193.00","193.00","182.00","933.55K","-6.19%"
"08/12/2021","194.00","191.50","195.50","191.10","267.40K","1.25%"
"08/11/2021","191.60","194.60","197.70","191.60","432.26K","-0.47%"
"08/10/2021","192.50","195.10","195.50","192.30","261.26K","-1.28%"
"08/09/2021","195.00","190.20","195.40","188.00","304.87K","3.45%"
"08/06/2021","188.50","189.70","191.80","188.50","371.60K","-0.58%"
"08/05/2021","189.60","193.00","194.90","189.00","294.81K","-1.51%"
"08/04/2021","192.50","195.90","195.90","192.20","312.58K","-1.74%"
"08/03/2021","195.90","188.00","195.90","187.80","449.73K","3.87%"
"08/02/2021","188.60","189.90","189.90","185.00","524.81K","-0.74%"
"07/30/2021","190.00","198.00","198.00","188.70","818.99K","-3.55%"
"07/29/2021","197.00","190.50","197.60","190.30","856.59K","3.41%"
"07/28/2021","190.50","194.50","194.50","188.50","837.55K","-2.66%"
"07/27/2021","195.70","193.80","199.50","193.10","422.55K","1.08%"
"07/26/2021","193.60","198.00","198.20","192.00","563.03K","-2.22%"
"07/23/2021","198.00","205.00","205.00","197.60","857.87K","-3.41%"
"07/22/2021","205.00","204.00","207.00","202.20","411.62K","0.49%"
"07/21/2021","204.00","210.00","210.00","201.20","1.22M","-3.13%"
"07/19/2021","210.60","209.40","211.00","202.60","1.06M","0.29%"
"07/16/2021","210.00","209.40","212.40","208.80","1.59M","0.19%"
"07/15/2021","209.60","209.60","209.80","208.80","353.25K","0.00%"
"07/14/2021","209.60","208.80","209.60","206.40","456.45K","0.38%"
"07/13/2021","208.80","209.80","209.80","205.60","294.19K","-0.48%"
"07/12/2021","209.80","203.40","210.00","203.40","271.39K","3.35%"
"07/09/2021","203.00","210.00","210.00","202.00","1.33M","-3.43%"
"07/08/2021","210.20","212.00","212.40","210.20","187.48K","-1.04%"
"07/07/2021","212.40","214.00","214.00","209.60","676.08K","-0.75%"
"07/06/2021","214.00","217.00","217.60","214.00","368.34K","-1.29%"
"07/05/2021","216.80","213.00","217.00","212.80","557.23K","1.78%"
"07/02/2021","213.00","214.60","215.40","211.60","447.13K","-0.47%"
"07/01/2021","214.00","213.60","217.40","213.00","624.86K","0.19%"
"06/30/2021","213.60","213.40","213.60","208.80","943.47K","0.00%"
"06/29/2021","213.60","215.00","215.00","212.00","503.42K","-0.93%"
"06/28/2021","215.60","215.60","215.80","212.20","337.66K","-0.19%"
"06/25/2021","216.00","211.80","216.00","209.20","485.60K","1.89%"
"06/24/2021","212.00","210.80","212.00","209.80","585.23K","0.76%"
"06/23/2021","210.40","208.40","212.00","208.40","453.39K","1.94%"
"06/22/2021","206.40","202.20","209.00","201.60","647.71K","2.08%"
"06/21/2021","202.20","200.00","205.00","197.80","652.82K","0.80%"
"06/18/2021","200.60","202.00","206.00","200.00","894.59K","-0.69%"
"06/17/2021","202.00","206.20","211.00","200.00","755.47K","-2.32%"
"06/16/2021","206.80","217.00","223.80","206.80","1.96M","-3.81%"
"06/15/2021","215.00","207.20","216.60","206.80","2.18M","3.76%"
"06/14/2021","207.20","203.00","208.40","201.80","1.04M","1.97%"
"06/11/2021","203.20","203.60","203.60","202.80","608.66K","-0.20%"
"06/10/2021","203.60","204.00","204.40","202.00","661.06K","-0.68%"
"06/09/2021","205.00","198.60","206.00","198.60","1.92M","3.27%"
"06/08/2021","198.50","196.10","198.80","196.10","557.67K","1.28%"
"06/07/2021","196.00","194.10","196.70","194.00","542.08K","1.03%"
"06/04/2021","194.00","192.50","194.70","192.50","576.48K","0.10%"
"06/03/2021","193.80","194.20","195.60","190.00","295.79K","-0.46%"
"06/02/2021","194.70","188.50","198.00","188.50","907.45K","3.29%"
"06/01/2021","188.50","192.90","193.20","188.40","712.28K","-2.28%"
"05/31/2021","192.90","191.00","194.00","188.90","1.57M","0.99%"
"05/28/2021","191.00","192.90","192.90","188.20","901.97K","-1.70%"
"05/27/2021","194.30","182.00","194.30","182.00","2.45M","6.76%"
"05/26/2021","182.00","180.20","182.40","179.80","853.03K","1.00%"
"05/25/2021","180.20","180.00","180.30","178.00","801.49K","0.28%"
"05/24/2021","179.70","177.90","180.60","176.40","994.70K","1.18%"
"05/21/2021","177.60","177.90","178.10","177.00","562.79K","0.34%"
"05/20/2021","177.00","175.40","177.50","174.80","676.58K","1.14%"
"05/19/2021","175.00","170.00","175.00","170.00","815.74K","4.60%"
"05/18/2021","167.30","167.10","169.00","167.00","529.01K","0.06%"
"05/17/2021","167.20","168.10","168.50","166.50","558.69K","-0.48%"
"05/14/2021","168.00","170.40","170.40","163.30","920.64K","-1.41%"
"05/12/2021","170.40","175.00","175.00","170.00","1.16M","-2.63%"
"05/11/2021","175.00","175.10","175.60","174.40","296.77K","-0.06%"
"05/10/2021","175.10","175.70","175.80","175.10","253.60K","-0.34%"
"05/07/2021","175.70","175.00","177.30","175.00","374.30K","-0.17%"
"05/06/2021","176.00","177.50","177.50","175.50","440.04K","-0.85%"
"05/05/2021","177.50","177.00","178.20","176.10","313.47K","0.28%"
"05/04/2021","177.00","179.00","179.50","176.50","432.07K","-0.84%"
"05/03/2021","178.50","176.00","180.00","175.90","1.50M","1.42%"
"04/30/2021","176.00","176.50","177.50","176.00","340.48K","-0.56%"
"04/29/2021","177.00","175.80","177.00","175.30","632.77K","0.68%"
"04/28/2021","175.80","174.10","176.40","174.10","357.34K","1.50%"
"04/27/2021","173.20","175.90","177.00","173.20","825.70K","-1.53%"
"04/26/2021","175.90","176.00","177.00","175.30","319.27K","-0.06%"
"04/23/2021","176.00","177.80","178.00","175.10","461.68K","-1.01%"
"04/22/2021","177.80","177.30","177.80","174.60","524.74K","0.28%"
"04/21/2021","177.30","176.20","179.30","176.20","300.31K","0.68%"
"04/20/2021","176.10","177.00","180.00","176.10","1.23M","0.06%"
"04/19/2021","176.00","180.00","181.00","175.30","522.70K","-1.95%"
"04/16/2021","179.50","180.00","180.10","179.20","180.96K","-0.28%"
"04/15/2021","180.00","182.00","182.00","179.20","630.72K","-2.12%"
"04/14/2021","183.90","180.00","183.90","179.40","353.35K","2.51%"
"04/13/2021","179.40","178.50","180.30","178.50","208.12K","-0.17%"
"04/12/2021","179.70","180.00","182.10","178.10","361.32K","0.39%"
"04/08/2021","179.00","184.80","185.00","179.00","426.47K","-3.14%"
"04/07/2021","184.80","185.00","187.50","183.10","524.07K","-0.11%"
"04/06/2021","185.00","181.40","186.00","180.80","1.06M","1.87%"
"04/05/2021","181.60","176.90","181.80","175.50","495.75K","2.66%"
"03/31/2021","176.90","176.90","178.10","176.00","424.69K","0.00%"
"03/30/2021","176.90","175.70","177.50","175.60","273.81K","0.68%"
"03/29/2021","175.70","173.50","177.30","170.70","1.70M","0.46%"
"03/26/2021","174.90","178.00","179.00","174.70","904.70K","-1.85%"
"03/25/2021","178.20","177.90","181.20","177.90","263.59K","0.73%"
"03/24/2021","176.90","180.00","180.00","172.00","3.65M","-2.27%"
"03/23/2021","181.00","176.10","181.00","176.10","1.11M","2.90%"
"03/22/2021","175.90","173.00","176.00","170.50","658.19K","-0.06%"
"03/19/2021","176.00","185.50","185.50","176.00","2.33M","-5.17%"
"03/18/2021","185.60","186.00","186.40","184.90","563.23K","0.32%"
"03/17/2021","185.00","180.20","185.00","180.20","754.48K","2.04%"
"03/16/2021","181.30","179.00","181.30","178.00","823.77K","0.72%"
"03/15/2021","180.00","181.70","181.90","176.00","1.32M","-1.04%"
"03/12/2021","181.90","181.00","183.50","181.00","475.03K","0.55%"
"03/11/2021","180.90","184.00","184.00","180.00","623.94K","-1.68%"
"03/10/2021","184.00","182.90","186.00","182.00","738.38K","0.55%"
"03/09/2021","183.00","181.20","183.00","180.00","1.13M","0.60%"
"03/08/2021","181.90","186.00","186.00","180.30","473.96K","-2.62%"
"03/05/2021","186.80","189.50","189.50","183.70","403.87K","-1.63%"
"03/04/2021","189.90","186.00","191.00","184.00","1.25M","2.10%"
"03/03/2021","186.00","185.40","186.00","184.40","948.10K","0.00%"
"03/02/2021","186.00","179.10","186.00","179.10","1.19M","4.03%"
"03/01/2021","178.80","179.90","180.20","178.80","590.93K","-0.11%"
"02/26/2021","179.00","175.00","180.20","175.00","930.45K","3.53%"
"02/24/2021","172.90","178.10","178.90","172.90","1.05M","-2.87%"
"02/23/2021","178.00","178.70","178.80","175.00","1.30M","-0.56%"
"02/22/2021","179.00","180.00","180.20","179.00","445.45K","-0.50%"
"02/19/2021","179.90","179.40","180.00","179.40","1.17M","0.56%"
"02/18/2021","178.90","179.00","182.00","178.90","802.13K","0.06%"
"02/17/2021","178.80","180.00","181.00","178.10","1.10M","-0.11%"
"02/16/2021","179.00","180.00","180.50","178.80","514.77K","-0.28%"
"02/15/2021","179.50","180.00","181.50","179.50","1.10M","0.45%"
"02/11/2021","178.70","185.60","186.80","178.70","581.65K","-3.67%"
"02/10/2021","185.50","185.00","187.00","184.90","613.75K","0.32%"
"02/09/2021","184.90","183.00","185.80","183.00","1.07M","1.04%"
"02/08/2021","183.00","183.70","184.00","182.50","767.15K","-0.54%"
"02/05/2021","184.00","181.00","184.90","180.90","1.19M","2.22%"
"02/04/2021","180.00","180.00","182.00","179.70","1.79M","0.00%"
"02/03/2021","180.00","180.30","183.00","179.90","775.81K","0.11%"
"02/02/2021","179.80","178.90","183.40","178.80","1.33M","0.56%"
"02/01/2021","178.80","177.70","179.00","177.00","604.18K","0.62%"
"01/29/2021","177.70","179.60","180.50","177.70","1.33M","-1.06%"
"01/28/2021","179.60","177.50","180.10","175.60","776.42K","1.18%"
"01/27/2021","177.50","179.50","179.80","175.60","781.78K","-1.39%"
"01/26/2021","180.00","185.60","185.60","180.00","1.29M","-3.07%"
"01/25/2021","185.70","186.50","186.60","185.40","794.61K","-0.54%"
"01/22/2021","186.70","186.90","187.60","186.00","1.02M","-0.11%"
"01/21/2021","186.90","187.40","188.10","186.50","1.10M","-0.59%"
"01/20/2021","188.00","190.00","190.40","186.00","1.07M","-1.42%"
"01/19/2021","190.70","193.90","193.90","190.70","847.48K","-1.70%"
"01/18/2021","194.00","194.10","194.10","191.00","695.29K","-0.05%"
"01/15/2021","194.10","195.50","196.30","194.10","870.67K","-1.42%"
"01/14/2021","196.90","197.00","198.00","195.50","1.12M","-1.30%"
"01/13/2021","199.50","199.00","199.50","195.10","679.01K","0.25%"
"01/12/2021","199.00","200.00","202.00","198.40","844.34K","-0.05%"
"01/11/2021","199.10","192.60","201.00","192.60","1.10M","3.43%"
"01/08/2021","192.50","192.60","193.50","192.30","720.47K","-0.05%"
"01/07/2021","192.60","194.30","194.30","192.60","802.59K","-0.93%"
"01/06/2021","194.40","194.40","194.80","190.00","565.34K","-0.26%"
"01/05/2021","194.90","194.00","194.90","192.50","513.30K","0.26%"
"01/04/2021","194.40","195.20","195.20","194.00","625.44K","-0.41%"
"12/29/2020","195.20","193.40","197.00","193.30","702.46K","0.98%"
"12/28/2020","193.30","196.00","196.30","192.70","597.46K","-2.13%"
"12/23/2020","197.50","197.50","198.70","194.00","776.75K","0.25%"
"12/22/2020","197.00","201.00","201.40","193.30","1.02M","-2.38%"
"12/21/2020","201.80","203.20","204.00","201.80","577.69K","-1.08%"
"12/18/2020","204.00","206.40","206.40","202.40","786.27K","-1.07%"
"12/17/2020","206.20","208.00","208.20","206.20","463.65K","0.00%"
"12/16/2020","206.20","209.00","209.00","206.20","1.03M","-0.39%"
"12/15/2020","207.00","207.40","209.80","207.00","1.09M","0.00%"
"12/14/2020","207.00","206.80","208.00","206.00","603.61K","0.00%"
"12/11/2020","207.00","207.80","209.60","205.00","1.17M","-0.38%"
"12/10/2020","207.80","210.80","210.80","207.80","676.19K","-1.33%"
"12/09/2020","210.60","209.00","211.00","209.00","618.32K","0.77%"
"12/07/2020","209.00","207.00","209.00","205.20","849.27K","1.26%"
"12/04/2020","206.40","204.80","207.20","202.40","1.12M","0.78%"
"12/03/2020","204.80","199.80","205.00","199.30","1.63M","2.91%"
"12/02/2020","199.00","197.00","199.00","194.30","885.05K","1.02%"
"12/01/2020","197.00","187.00","197.00","185.70","928.55K","4.23%"
"11/27/2020","189.00","189.70","194.30","189.00","1.72M","0.00%"
"11/26/2020","189.00","191.00","191.10","188.50","693.96K","-1.05%"
"11/25/2020","191.00","191.00","194.60","191.00","566.79K","0.53%"
"11/24/2020","190.00","193.00","193.00","190.00","996.58K","-1.55%"
"11/23/2020","193.00","195.00","195.00","192.20","813.11K","-1.03%"
"11/20/2020","195.00","194.00","195.00","192.00","530.82K","0.62%"
"11/19/2020","193.80","196.50","196.50","193.00","501.09K","-1.08%"
"11/18/2020","195.92","196.22","197.32","195.62","451.57K","-0.30%"
"11/17/2020","196.50","190.30","196.50","190.30","1.01M","3.31%"
"11/16/2020","190.20","193.30","195.70","189.00","1.04M","-1.55%"
"11/13/2020","193.20","196.00","196.10","192.80","1.10M","-1.68%"
"11/11/2020","196.50","200.20","200.20","196.00","1.32M","-1.85%"
"11/10/2020","200.20","198.50","201.80","196.00","2.11M","0.65%"
"11/09/2020","198.90","197.00","201.20","195.00","1.13M","1.07%"
"11/06/2020","196.80","194.40","197.00","188.10","1.76M","1.34%"
"11/05/2020","194.20","185.00","199.00","184.80","2.01M","4.97%"
"11/04/2020","185.00","175.10","185.00","175.10","1.65M","6.02%"
"11/03/2020","174.50","170.00","175.00","169.00","889.40K","2.65%"
"10/30/2020","170.00","171.60","171.60","168.00","1.01M","-1.45%"
"10/29/2020","172.50","173.50","173.50","171.60","637.43K","-1.15%"
"10/28/2020","174.50","173.20","176.40","171.60","690.54K","0.75%"
"10/27/2020","173.20","175.50","175.50","170.60","2.20M","-1.81%"
"10/26/2020","176.40","179.00","179.00","170.00","1.45M","-1.45%"
"10/23/2020","179.00","172.00","179.00","171.90","2.35M","4.99%"
"10/22/2020","170.50","170.00","177.80","168.50","2.96M","0.29%"
"10/21/2020","170.00","170.00","175.00","165.10","3.11M","0.59%"
"10/20/2020","169.00","154.60","174.00","154.60","3.94M","9.31%"
"10/19/2020","154.60","147.10","154.80","147.10","1.88M","5.17%"
"10/16/2020","147.00","146.00","147.00","145.40","380.91K","-0.14%"
"10/15/2020","147.20","146.70","147.50","146.60","389.96K","0.34%"
"10/14/2020","146.70","145.10","146.90","145.10","880.80K","0.82%"
"10/13/2020","145.50","145.40","147.50","144.30","792.55K","0.07%"
"10/12/2020","145.40","143.80","145.40","142.90","831.65K","1.11%"
"10/09/2020","143.80","143.00","144.50","142.80","746.48K","0.77%"
"10/08/2020","142.70","138.00","143.20","138.00","846.44K","3.63%"
"10/07/2020","137.70","137.80","137.90","137.20","693.56K","-0.07%"
"10/06/2020","137.80","141.00","141.30","137.80","734.57K","-2.34%"
"10/05/2020","141.10","143.00","143.00","141.10","947.68K","-1.33%"
"10/02/2020","143.00","143.50","143.80","140.50","516.19K","-0.42%"
"10/01/2020","143.60","145.00","145.00","143.00","330.26K","-0.97%"
"09/30/2020","145.00","144.70","145.00","143.20","1.42M","0.14%"
"09/29/2020","144.80","140.00","144.80","140.00","1.58M","4.10%"
"09/28/2020","139.10","138.50","139.40","138.20","465.94K","0.80%"
"09/25/2020","138.00","138.00","138.40","137.00","505.51K","0.00%"
"09/24/2020","138.00","138.30","139.00","136.60","465.71K","-0.07%"
"09/23/2020","138.10","133.00","138.50","133.00","983.00K","4.23%"
"09/22/2020","132.50","133.90","133.90","131.60","1.21M","0.45%"
"09/21/2020","131.90","132.00","134.00","131.70","544.14K","1.31%"
"09/18/2020","130.20","132.00","133.00","130.20","2.68M","0.00%"
"09/17/2020","130.20","134.00","136.00","130.20","1.57M","-2.33%"
"09/16/2020","133.30","134.80","134.90","133.20","1.38M","-1.19%"
"09/15/2020","134.90","135.00","135.50","134.50","780.19K","-0.07%"
"09/14/2020","135.00","135.50","135.50","134.80","1.72M","-0.44%"
"09/11/2020","135.60","136.00","136.00","135.00","548.66K","-0.29%"
"09/10/2020","136.00","137.60","137.60","134.20","701.32K","-0.58%"
"09/09/2020","136.80","138.00","138.10","136.00","627.96K","-0.94%"
"09/08/2020","138.10","138.10","138.20","136.10","839.82K","0.00%"
"09/07/2020","138.10","136.10","138.40","136.10","499.37K","1.54%"
"09/04/2020","136.00","137.20","138.60","133.50","2.67M","-1.31%"
"09/03/2020","137.80","137.00","139.00","137.00","661.71K","0.73%"
"09/02/2020","136.80","133.60","136.80","133.60","477.41K","2.40%"
"09/01/2020","133.60","137.00","137.00","133.60","1.27M","-1.11%"
"08/28/2020","135.10","138.00","138.10","135.10","1.59M","-2.60%"
"08/27/2020","138.70","138.30","138.80","136.50","308.45K","0.14%"
"08/26/2020","138.50","140.00","140.10","136.20","1.16M","-1.77%"
"08/25/2020","141.00","141.00","141.20","139.50","392.84K","-0.14%"
"08/24/2020","141.20","139.60","141.50","139.60","462.92K","1.22%"
"08/20/2020","139.50","141.40","141.40","139.50","1.41M","-0.50%"
"08/19/2020","140.20","141.50","143.00","140.20","549.71K","-0.21%"
"08/18/2020","140.50","141.00","143.80","139.10","798.14K","-0.28%"
"08/17/2020","140.90","144.00","144.00","137.50","392.42K","-2.49%"
"08/14/2020","144.50","142.50","144.80","142.00","914.33K","1.40%"
"08/13/2020","142.50","141.00","143.50","140.90","577.96K","1.64%"
"08/12/2020","140.20","141.10","142.40","139.00","769.32K","-0.64%"
"08/11/2020","141.10","138.00","144.00","138.00","1.37M","2.62%"
"08/10/2020","137.50","133.00","138.50","131.20","1.09M","2.46%"
"08/07/2020","134.20","133.20","135.00","132.00","1.14M","-0.59%"
"08/06/2020","135.00","130.00","135.00","129.00","842.30K","3.05%"
"08/05/2020","131.00","128.00","133.40","128.00","870.38K","3.80%"
"08/04/2020","126.20","127.20","130.80","126.20","657.17K","-0.63%"
"08/03/2020","127.00","129.50","129.50","126.50","1.64M","-5.93%"
"07/30/2020","135.00","133.00","135.00","132.00","1.40M","3.05%"
"07/29/2020","131.00","130.00","133.50","129.80","3.01M","1.47%"
"07/28/2020","129.10","128.00","129.80","127.90","1.16M","0.86%"
"07/27/2020","128.00","128.30","128.30","125.30","653.17K","-0.39%"
"07/24/2020","128.50","128.10","129.70","127.50","400.40K","1.50%"
"07/23/2020","126.60","130.00","130.00","125.00","1.36M","-2.62%"
"07/22/2020","130.00","134.70","134.70","130.00","751.08K","-3.49%"
"07/21/2020","134.70","134.80","135.80","133.20","500.71K","0.90%"
"07/20/2020","133.50","135.00","135.50","133.20","360.85K","-0.07%"
"07/17/2020","133.60","135.50","136.30","133.50","875.15K","0.45%"
"07/16/2020","133.00","136.50","137.90","133.00","1.85M","-2.35%"
"07/15/2020","136.20","140.00","140.00","136.20","1.21M","-2.71%"
"07/14/2020","140.00","140.90","142.50","140.00","424.88K","-0.64%"
"07/13/2020","140.90","137.50","141.80","137.50","869.60K","2.47%"
"07/10/2020","137.50","139.50","139.50","137.20","897.06K","-1.79%"
"07/09/2020","140.00","146.40","146.40","140.00","695.07K","-4.50%"
"07/08/2020","146.60","146.50","147.00","145.90","704.29K","-0.27%"
"07/07/2020","147.00","147.30","147.30","146.40","1.20M","-0.20%"
"07/06/2020","147.30","147.50","148.00","145.70","513.79K","-0.14%"
"07/03/2020","147.50","147.50","149.30","146.00","1.20M","0.34%"
"07/02/2020","147.00","143.80","147.00","143.70","603.02K","2.23%"
"07/01/2020","143.80","140.00","144.00","139.50","706.78K","2.71%"
"06/30/2020","140.00","137.00","140.00","135.50","882.32K","1.52%"
"06/29/2020","137.90","139.00","139.00","135.10","718.43K","-1.64%"
"06/26/2020","140.20","141.20","142.90","140.00","411.96K","-0.71%"
"06/25/2020","141.20","142.90","142.90","139.50","933.76K","-1.88%"
"06/24/2020","143.90","144.50","147.50","141.30","741.67K","-0.07%"
"06/23/2020","144.00","149.00","149.00","144.00","1.56M","-3.42%"
"06/22/2020","149.10","151.00","151.00","147.90","824.75K","-0.60%"
"06/19/2020","150.00","149.00","151.70","146.00","1.62M","0.07%"
"06/18/2020","149.90","145.10","150.00","145.00","2.09M","3.38%"
"06/17/2020","145.00","142.70","145.40","142.70","2.77M","1.75%"
"06/16/2020","142.50","144.00","146.30","141.50","1.86M","-1.18%"
"06/15/2020","144.20","145.00","146.00","141.00","2.44M","-0.55%"
"06/11/2020","145.00","144.00","145.30","140.50","2.81M","0.00%"
"06/10/2020","145.00","139.90","145.00","139.10","2.98M","4.39%"
"06/09/2020","138.90","133.10","139.00","132.50","2.95M","4.83%"
"06/08/2020","132.50","133.00","133.00","128.00","2.21M","1.92%"
"06/05/2020","130.00","133.00","133.90","126.00","1.68M","-2.26%"
"06/04/2020","133.00","132.00","135.00","129.50","2.08M","2.31%"
"06/03/2020","130.00","125.70","131.80","125.70","2.83M","5.18%"
"06/02/2020","123.60","119.00","125.00","117.00","2.26M","7.38%"
"06/01/2020","115.10","113.00","118.70","112.00","3.57M","5.89%"
"05/29/2020","108.70","116.50","118.80","108.70","13.57M","-6.37%"
"05/28/2020","116.10","120.00","120.00","115.20","3.06M","-4.84%"
"05/27/2020","122.00","120.10","123.00","120.00","1.05M","2.52%"
"05/26/2020","119.00","133.00","134.00","117.00","4.72M","-10.53%"
"05/22/2020","133.00","138.00","138.00","133.00","1.36M","-2.56%"
"05/21/2020","136.50","138.00","139.00","136.30","658.92K","-0.51%"
"05/20/2020","137.20","140.00","140.00","137.20","477.52K","-2.00%"
"05/19/2020","140.00","138.00","140.00","137.40","778.90K","2.64%"
"05/18/2020","136.40","139.00","139.00","135.90","895.53K","-0.58%"
"05/15/2020","137.20","139.00","140.00","136.20","618.10K","0.44%"
"05/14/2020","136.60","139.00","139.60","135.90","599.17K","-1.01%"
"05/13/2020","138.00","140.60","141.00","137.10","398.28K","-1.00%"
"05/12/2020","139.40","141.20","141.80","138.60","948.49K","-0.78%"
"05/11/2020","140.50","137.20","141.00","136.50","440.24K","3.31%"
"05/08/2020","136.00","138.50","139.50","135.20","626.35K","-0.37%"
"05/07/2020","136.50","138.90","140.90","136.00","928.45K","-1.44%"
"05/06/2020","138.50","141.00","141.80","138.50","505.94K","-0.79%"
"05/05/2020","139.60","141.00","141.00","139.30","544.55K","1.01%"
"05/04/2020","138.20","143.10","143.10","137.00","1.25M","-3.42%"
"04/30/2020","143.10","148.00","149.00","143.00","1.93M","-2.65%"
"04/29/2020","147.00","141.20","147.00","139.10","1.48M","4.11%"
"04/28/2020","141.20","136.00","141.40","135.60","2.29M","4.98%"
"04/27/2020","134.50","135.00","136.50","134.30","1.60M","0.15%"
"04/24/2020","134.30","137.80","137.80","133.70","1.04M","-1.25%"
"04/23/2020","136.00","137.00","140.00","135.50","2.55M","1.49%"
"04/22/2020","134.00","135.00","135.00","131.00","5.81M","-1.54%"
"04/21/2020","136.10","142.50","142.50","133.00","3.14M","-4.83%"
"04/20/2020","143.00","148.50","149.90","143.00","1.59M","-1.38%"
"04/17/2020","145.00","142.00","147.00","141.40","4.90M","2.47%"
"04/16/2020","141.50","147.00","147.00","137.40","2.32M","-4.78%"
"04/15/2020","148.60","150.00","152.10","143.50","3.94M","1.43%"
"04/14/2020","146.50","139.90","148.00","139.80","3.52M","8.52%"
"04/13/2020","135.00","121.00","136.10","121.00","2.59M","12.50%"
"04/08/2020","120.00","111.00","120.00","108.10","2.92M","8.60%"
"04/07/2020","110.50","110.20","112.50","109.00","2.75M","4.25%"
"04/06/2020","106.00","104.60","106.40","103.50","1.87M","3.92%"
"04/03/2020","102.00","102.30","105.00","102.00","846.30K","0.00%"
"04/02/2020","102.00","102.90","103.20","102.00","1.28M","-1.16%"
"04/01/2020","103.20","107.00","109.60","103.00","2.53M","-3.01%"
"03/31/2020","106.40","105.00","109.50","105.00","1.55M","3.30%"
"03/30/2020","103.00","106.90","106.90","100.10","801.63K","-3.74%"
"03/27/2020","107.00","107.40","111.00","103.00","3.59M","4.70%"
"03/26/2020","102.20","100.00","104.50","99.00","3.23M","3.81%"
"03/25/2020","98.45","101.80","101.80","98.00","4.03M","3.63%"
"03/24/2020","95.00","98.95","99.85","95.00","1.60M","0.00%"
"03/23/2020","95.00","98.00","99.90","91.50","2.58M","-5.00%"
"03/20/2020","100.00","97.50","103.70","95.65","1.99M","9.77%"
"03/19/2020","91.10","105.00","106.20","91.10","3.31M","-24.71%"
"03/17/2020","121.00","133.00","134.00","120.50","2.24M","0.00%"
"03/16/2020","121.00","133.00","134.00","120.50","2.24M","-13.88%"
"03/13/2020","140.50","145.00","145.00","124.50","2.20M","-8.17%"
"03/12/2020","153.00","162.00","162.00","150.00","1.20M","-8.00%"
"03/11/2020","166.30","159.00","166.30","159.00","916.34K","5.25%"
"03/10/2020","158.00","160.00","160.90","153.00","1.25M","-3.07%"
"03/09/2020","163.00","170.00","170.10","161.50","1.14M","-7.65%"
"03/06/2020","176.50","183.00","183.00","173.40","637.54K","-4.08%"
"03/05/2020","184.00","175.00","184.00","171.30","1.14M","5.38%"
"03/04/2020","174.60","168.70","174.60","167.20","869.40K","3.93%"
"03/03/2020","168.00","168.10","172.00","168.00","1.16M","0.54%"
"03/02/2020","167.10","169.90","172.00","165.00","990.99K","-1.71%"
"02/28/2020","170.00","173.60","173.60","170.00","1.74M","-2.58%"
"02/27/2020","174.50","175.40","180.00","174.50","652.78K","-0.34%"
"02/26/2020","175.10","180.00","181.30","170.20","2.33M","-5.66%"
"02/24/2020","185.60","190.20","190.20","185.20","1.24M","-1.80%"
"02/21/2020","189.00","190.80","191.80","188.90","1.14M","0.53%"
"02/20/2020","188.00","184.00","194.00","184.00","1.09M","2.17%"
"02/19/2020","184.00","184.60","185.40","181.50","1.80M","-0.65%"
"02/18/2020","185.20","189.60","189.70","185.20","500.99K","-1.91%"
"02/17/2020","188.80","187.20","190.00","187.10","281.17K","1.94%"
"02/14/2020","185.20","194.90","194.90","185.20","727.57K","-5.03%"
"02/13/2020","195.00","192.00","195.00","191.00","275.40K","1.56%"
"02/12/2020","192.00","192.00","194.00","191.00","507.22K","0.00%"
"02/11/2020","192.00","191.00","193.90","191.00","811.21K","1.05%"
"02/10/2020","190.00","193.00","194.00","190.00","514.38K","-1.30%"
"02/07/2020","192.50","193.00","194.00","192.30","283.57K","0.31%"
"02/06/2020","191.90","190.80","194.30","190.80","1.48M","0.68%"
"02/05/2020","190.60","195.10","196.80","190.50","1.37M","-2.26%"
"02/04/2020","195.00","197.50","200.00","195.00","1.28M","-0.51%"
"02/03/2020","196.00","191.90","197.20","190.00","426.52K","2.51%"
"01/31/2020","191.20","200.20","201.00","191.20","876.75K","-4.50%"
"01/30/2020","200.20","202.20","203.00","200.00","580.18K","-1.67%"
"01/29/2020","203.60","205.40","207.00","201.00","318.09K","-0.68%"
"01/28/2020","205.00","213.20","213.20","204.40","795.77K","-3.85%"
"01/27/2020","213.20","216.00","216.00","211.00","219.79K","-1.75%"
"01/24/2020","217.00","211.60","217.00","211.00","596.56K","2.55%"
"01/23/2020","211.60","209.00","212.00","208.00","278.02K","1.24%"
"01/22/2020","209.00","209.40","215.00","207.80","367.87K","-0.19%"
"01/21/2020","209.40","212.60","212.60","207.40","225.60K","-1.60%"
"01/20/2020","212.80","214.00","214.40","210.00","310.91K","-0.37%"
"01/17/2020","213.60","202.00","213.60","202.00","481.37K","6.27%"
"01/16/2020","201.00","208.00","208.00","200.20","703.89K","-2.43%"
"01/15/2020","206.00","211.00","212.00","206.00","308.32K","-2.83%"
"01/14/2020","212.00","207.60","212.00","206.60","447.00K","2.61%"
"01/13/2020","206.60","208.00","211.00","203.80","304.32K","0.00%"
"01/10/2020","206.60","208.00","211.00","203.80","304.32K","-0.19%"
"01/09/2020","207.00","210.40","211.80","207.00","463.59K","-1.52%"
"01/08/2020","210.20","214.40","214.40","210.20","414.79K","-3.13%"
"01/07/2020","217.00","213.00","217.00","213.00","777.46K","1.88%"
"01/06/2020","213.00","213.80","213.80","205.80","444.13K","-0.84%"
"01/03/2020","214.80","215.00","218.00","213.80","1.40M","0.85%"
"01/02/2020","213.00","216.00","216.60","210.40","377.92K","-1.39%"
"12/27/2019","216.00","216.20","217.00","214.60","302.99K","-0.09%"
"12/26/2019","216.20","220.00","220.00","214.00","238.96K","-1.73%"
"12/23/2019","220.00","213.00","220.00","213.00","394.71K","3.29%"
"12/20/2019","213.00","216.20","218.00","209.00","1.40M","-1.39%"
"12/19/2019","216.00","224.60","224.80","216.00","597.72K","-4.00%"
"12/18/2019","225.00","225.00","225.00","223.20","935.25K","0.00%"
"12/17/2019","225.00","223.80","225.00","220.00","1.16M","0.63%"
"12/16/2019","223.60","224.00","228.00","222.40","1.00M","1.08%"
"12/13/2019","221.20","217.00","223.20","216.20","875.71K","2.41%"
"12/12/2019","216.00","207.00","216.00","205.80","806.66K","4.05%"
"12/11/2019","207.60","205.80","207.60","202.60","259.44K","3.28%"
"12/10/2019","201.00","207.00","207.60","201.00","183.34K","-2.71%"
"12/09/2019","206.60","204.00","206.60","202.20","314.69K","2.28%"
"12/06/2019","202.00","205.00","205.20","200.80","330.36K","-1.46%"
"12/05/2019","205.00","198.00","205.00","198.00","533.03K","3.54%"
"12/04/2019","198.00","194.90","198.00","193.20","466.63K","3.13%"
"12/03/2019","192.00","197.90","198.00","192.00","621.32K","-2.98%"
"12/02/2019","197.90","196.00","198.60","196.00","411.20K","3.07%"
"11/29/2019","192.00","195.00","196.00","192.00","779.24K","-1.54%"
"11/28/2019","195.00","198.00","198.60","194.50","674.16K","-1.47%"
"11/27/2019","197.90","187.80","198.60","187.80","1.10M","7.50%"
"11/26/2019","184.10","186.60","190.50","184.10","2.55M","-1.13%"
"11/25/2019","186.20","195.70","197.50","186.20","1.11M","-4.51%"
"11/22/2019","195.00","200.40","200.40","194.20","843.41K","-1.81%"
"11/21/2019","198.60","205.00","207.80","198.10","781.77K","-2.65%"
"11/20/2019","204.00","205.00","209.40","204.00","405.11K","-0.20%"
"11/19/2019","204.40","203.00","205.00","202.20","495.14K","1.19%"
"11/18/2019","202.00","202.00","206.00","202.00","796.29K","0.00%"
"11/15/2019","202.00","202.60","208.80","202.00","1.10M","-0.30%"
"11/14/2019","202.60","213.80","217.80","202.60","1.50M","-4.97%"
"11/13/2019","213.20","219.80","220.40","212.40","1.33M","-3.09%"
"11/12/2019","220.00","224.00","224.80","220.00","734.71K","-1.79%"
"11/11/2019","224.00","227.00","227.60","224.00","808.84K","-1.75%"
"11/08/2019","228.00","226.00","228.40","226.00","394.91K","0.88%"
"11/07/2019","226.00","228.00","229.40","224.80","279.58K","-0.44%"
"11/06/2019","227.00","233.00","234.20","226.00","672.15K","-2.58%"
"11/05/2019","233.00","233.00","235.00","232.00","669.37K","0.00%"
"11/04/2019","233.00","232.80","233.00","231.80","248.53K","0.43%"
"10/31/2019","232.00","232.00","233.00","230.20","480.61K","0.00%"
"10/30/2019","232.00","231.80","232.00","227.80","329.13K","0.96%"
"10/29/2019","229.80","223.00","229.80","223.00","834.11K","3.05%"
"10/28/2019","223.00","227.20","229.80","223.00","501.83K","-1.41%"
"10/25/2019","226.20","227.60","228.00","225.40","107.87K","-0.62%"
"10/24/2019","227.60","226.00","230.00","226.00","710.95K","1.07%"
"10/23/2019","225.20","227.00","227.00","223.60","346.37K","-0.88%"
"10/22/2019","227.20","226.40","229.20","226.20","404.69K","0.44%"
"10/21/2019","226.20","230.00","232.60","226.20","237.18K","-1.65%"
"10/18/2019","230.00","235.00","235.20","227.00","398.09K","-2.13%"
"10/17/2019","235.00","233.40","235.00","232.40","327.64K","0.86%"
"10/16/2019","233.00","233.00","233.00","232.00","203.21K","-0.17%"
"10/15/2019","233.40","235.20","236.20","232.00","718.80K","-0.51%"
"10/14/2019","234.60","232.00","235.00","232.00","366.98K","1.47%"
"10/11/2019","231.20","229.20","232.00","229.20","216.77K","0.96%"
"10/10/2019","229.00","228.20","229.80","228.00","906.25K","0.00%"
"10/09/2019","229.00","226.60","231.40","225.00","555.72K","1.33%"
"10/08/2019","226.00","223.00","229.40","223.00","904.76K","2.73%"
"10/07/2019","220.00","220.80","223.20","219.80","1.87M","-0.09%"
"10/04/2019","220.20","220.00","222.00","219.00","600.61K","0.73%"
"10/03/2019","218.60","221.00","221.00","217.80","1.10M","-1.00%"
"10/02/2019","220.80","220.00","221.80","218.40","594.02K","0.36%"
"10/01/2019","220.00","222.00","222.80","219.60","453.57K","-0.90%"
"09/30/2019","222.00","220.00","222.80","218.20","499.94K","0.82%"
"09/27/2019","220.20","221.00","221.40","219.00","1.26M","0.55%"
"09/26/2019","219.00","219.00","220.80","217.40","355.87K","0.00%"
"09/25/2019","219.00","219.80","219.80","212.00","1.04M","-0.45%"
"09/24/2019","220.00","221.00","221.80","219.60","844.44K","-0.09%"
"09/23/2019","220.20","220.40","221.60","220.20","1.25M","0.09%"
"09/20/2019","220.00","224.00","225.00","220.00","1.05M","-1.35%"
"09/19/2019","223.00","226.00","226.00","222.80","424.15K","-0.09%"
"09/18/2019","223.20","230.00","230.20","223.20","316.30K","-3.21%"
"09/17/2019","230.60","223.80","230.60","223.00","563.06K","2.95%"
"09/16/2019","224.00","222.80","225.00","222.60","442.14K","0.81%"
"09/13/2019","222.20","222.60","225.40","222.20","420.99K","-0.09%"
"09/12/2019","222.40","226.00","226.20","222.40","3.94M","-1.68%"
"09/11/2019","226.20","227.00","228.00","224.00","710.03K","-0.35%"
"09/10/2019","227.00","227.00","229.00","225.80","337.93K","0.53%"
"09/09/2019","225.80","230.00","232.00","225.80","403.59K","-1.40%"
"09/06/2019","229.00","229.00","230.00","226.80","764.64K","0.00%"
"09/05/2019","229.00","230.00","231.00","228.00","477.98K","0.44%"
"09/04/2019","228.00","232.00","232.80","227.00","388.34K","-1.30%"
"09/03/2019","231.00","235.00","235.40","231.00","553.68K","-1.95%"
"09/02/2019","235.60","237.60","238.00","232.00","444.89K","-0.93%"
"08/30/2019","237.80","235.80","239.40","235.00","1.52M","1.80%"
"08/29/2019","233.60","228.20","233.60","226.60","532.34K","2.37%"
"08/28/2019","228.20","229.60","229.60","225.40","579.10K","-0.78%"
"08/27/2019","230.00","229.80","230.20","224.40","1.54M","0.00%"
"08/23/2019","230.00","225.00","230.00","222.00","603.58K","2.22%"
"08/22/2019","225.00","224.40","225.00","220.40","891.05K","-0.09%"
"08/20/2019","225.20","233.60","233.60","224.60","1.05M","-3.76%"
"08/19/2019","234.00","238.00","238.40","231.00","859.57K","-1.27%"
"08/16/2019","237.00","234.60","239.20","230.40","766.17K","0.77%"
"08/15/2019","235.20","229.60","235.20","224.00","1.06M","0.43%"
"08/14/2019","234.20","220.00","234.80","219.00","1.47M","7.73%"
"08/13/2019","217.40","225.00","226.00","217.20","1.58M","-3.38%"
"08/09/2019","225.00","230.00","231.60","225.00","1.67M","-2.17%"
"08/08/2019","230.00","231.20","235.00","230.00","1.46M","-0.43%"
"08/07/2019","231.00","235.00","239.00","229.00","2.16M","-1.70%"
"08/06/2019","235.00","244.00","244.00","234.80","2.68M","-4.86%"
"08/05/2019","247.00","258.00","258.00","247.00","1.79M","-4.26%"
"08/02/2019","258.00","259.80","259.80","255.40","791.65K","-0.77%"
"08/01/2019","260.00","259.00","260.00","255.00","707.84K","0.39%"
"07/31/2019","259.00","256.40","260.00","254.40","1.76M","1.57%"
"07/30/2019","255.00","253.00","256.80","248.00","1.60M","0.87%"
"07/29/2019","252.80","254.80","257.00","242.00","2.06M","0.32%"
"07/26/2019","252.00","239.00","256.60","237.20","4.40M","6.78%"
"07/25/2019","236.00","250.80","250.80","231.00","10.79M","-5.98%"
"07/24/2019","251.00","272.60","272.60","251.00","5.75M","-7.99%"
"07/23/2019","272.80","275.20","277.00","270.20","875.03K","-0.80%"
"07/22/2019","275.00","275.80","277.60","274.40","1.12M","-1.72%"
"07/19/2019","279.80","279.40","282.40","278.20","622.36K","-0.07%"
"07/18/2019","280.00","282.00","282.00","279.40","330.40K","-0.71%"
"07/17/2019","282.00","284.60","285.60","281.00","503.21K","-0.91%"
"07/16/2019","284.60","285.60","285.60","283.60","882.71K","-0.35%"
"07/15/2019","285.60","281.00","285.60","281.00","1.21M","1.85%"
"07/12/2019","280.40","282.00","282.60","280.40","906.65K","-0.21%"
"07/11/2019","281.00","282.00","282.00","280.40","1.02M","-0.35%"
"07/10/2019","282.00","284.00","284.20","281.00","745.13K","-0.70%"
"07/09/2019","284.00","282.00","284.00","281.20","244.11K","0.71%"
"07/08/2019","282.00","285.00","285.20","280.20","317.97K","-1.05%"
"07/05/2019","285.00","285.80","286.00","284.60","335.28K","-0.28%"
"07/04/2019","285.80","285.40","286.80","285.00","228.48K","0.28%"
"07/03/2019","285.00","285.80","286.00","284.80","311.03K","0.00%"
"07/02/2019","285.00","284.00","285.00","283.80","191.51K","0.35%"
"07/01/2019","284.00","282.40","284.60","282.20","258.77K","0.78%"
"06/28/2019","281.80","284.20","284.20","280.80","587.18K","-0.77%"
"06/27/2019","284.00","285.00","286.00","283.40","358.86K","-0.35%"
"06/26/2019","285.00","286.80","286.80","283.20","278.76K","-0.63%"
"06/25/2019","286.80","287.20","288.80","284.20","800.46K","-0.07%"
"06/24/2019","287.00","287.40","288.20","284.00","530.98K","-0.35%"
"06/21/2019","288.00","284.80","288.00","282.00","1.27M","1.12%"
"06/20/2019","284.80","281.00","284.80","279.40","455.85K","1.35%"
"06/19/2019","281.00","282.00","282.40","280.00","461.51K","-0.35%"
"06/18/2019","282.00","282.00","282.00","277.00","683.40K","0.00%"
"06/17/2019","282.00","286.00","286.00","280.80","551.77K","-1.40%"
"06/14/2019","286.00","288.80","288.80","280.20","578.85K","-1.04%"
"06/13/2019","289.00","285.00","289.00","281.20","717.14K","1.40%"
"06/11/2019","285.00","281.00","286.40","281.00","536.82K","1.79%"
"06/10/2019","280.00","275.20","280.00","275.00","468.09K","1.74%"
"06/07/2019","275.20","278.00","279.00","275.20","542.82K","0.07%"
"06/06/2019","275.00","279.00","281.00","275.00","1.16M","-0.72%"
"06/04/2019","277.00","287.00","287.00","277.00","685.69K","-3.48%"
"06/03/2019","287.00","288.00","290.00","284.40","910.27K","-0.35%"
"05/31/2019","288.00","283.00","288.00","283.00","1.11M","2.13%"
"05/30/2019","282.00","274.60","284.40","274.60","933.72K","3.30%"
"05/29/2019","273.00","270.80","274.80","270.60","699.98K","1.11%"
"05/28/2019","270.00","273.80","274.00","270.00","2.63M","-1.46%"
"05/27/2019","274.00","278.20","278.60","274.00","812.36K","-1.44%"
"05/24/2019","278.00","284.00","284.00","277.00","1.11M","-2.11%"
"05/23/2019","284.00","287.20","287.20","281.00","1.69M","-1.18%"
"05/22/2019","287.40","284.00","288.80","283.80","533.51K","1.70%"
"05/21/2019","282.60","276.00","284.80","274.00","1.09M","3.06%"
"05/20/2019","274.20","277.00","278.00","272.00","1.34M","-1.01%"
"05/17/2019","277.00","286.40","289.20","277.00","2.32M","-2.81%"
"05/16/2019","285.00","293.00","293.00","285.00","1.85M","-2.73%"
"05/15/2019","293.00","302.60","305.60","293.00","1.91M","-3.17%"
"05/14/2019","302.60","301.00","302.60","291.80","6.21M","-0.07%"
"05/10/2019","302.80","302.00","305.00","302.00","431.89K","0.26%"
"05/09/2019","302.00","300.40","303.40","300.40","745.64K","-0.33%"
"05/08/2019","303.00","303.80","305.00","302.00","947.30K","-0.33%"
"05/07/2019","304.00","302.20","305.40","302.20","726.47K","0.66%"
"05/06/2019","302.00","301.80","306.00","301.80","628.95K","0.33%"
"05/03/2019","301.00","301.00","303.60","300.80","1.64M","0.13%"